ID,File
7149936616763591941,2º turno/@lulaoficial7149936616763591941.jpg
7150120665184505093,2º turno/@lulaoficial7150120665184505093.jpg
7150126533603069189,2º turno/@lulaoficial7150126533603069189.jpg
7150416721969483013,2º turno/@lulaoficial7150416721969483013.jpg
7150447853561826566,2º turno/@lulaoficial7150447853561826566.jpg
7150656050285268229,2º turno/@lulaoficial7150656050285268229.jpg
7150736782378798342,2º turno/@lulaoficial7150736782378798342.jpg
7151165495662644485,2º turno/@lulaoficial7151165495662644485.jpg
7151392476425751813,2º turno/@lulaoficial7151392476425751813.jpg
7151539002359680262,2º turno/@lulaoficial7151539002359680262.jpg
7151758742588230918,2º turno/@lulaoficial7151758742588230918.jpg
7151832676020800774,2º turno/@lulaoficial7151832676020800774.jpg
7152119575239265542,2º turno/@lulaoficial7152119575239265542.jpg
7152150581144980742,2º turno/@lulaoficial7152150581144980742.jpg
7152235693681478918,2º turno/@lulaoficial7152235693681478918.jpg
7152631322714934533,2º turno/@lulaoficial7152631322714934533.jpg
7152675505647504645,2º turno/@lulaoficial7152675505647504645.jpg
7152858343596444933,2º turno/@lulaoficial7152858343596444933.jpg
7152874891794976006,2º turno/@lulaoficial7152874891794976006.jpg
7153001568843910406,2º turno/@lulaoficial7153001568843910406.jpg
7153328018507697413,2º turno/@lulaoficial7153328018507697413.jpg
7153657340649147653,2º turno/@lulaoficial7153657340649147653.jpg
7153702523025575173,2º turno/@lulaoficial7153702523025575173.jpg
7153972048652422406,2º turno/@lulaoficial7153972048652422406.jpg
7154031444111707397,2º turno/@lulaoficial7154031444111707397.jpg
7154164040397245702,2º turno/@lulaoficial7154164040397245702.jpg
7154382144129731845,2º turno/@lulaoficial7154382144129731845.jpg
7154720598432812294,2º turno/@lulaoficial7154720598432812294.jpg
7154750278674156805,2º turno/@lulaoficial7154750278674156805.jpg
7154894473569275142,2º turno/@lulaoficial7154894473569275142.jpg
7155144677912595717,2º turno/@lulaoficial7155144677912595717.jpg
7155300376822942981,2º turno/@lulaoficial7155300376822942981.jpg
7155321319637126405,2º turno/@lulaoficial7155321319637126405.jpg
7155430156973116678,2º turno/@lulaoficial7155430156973116678.jpg
7155590102356446469,2º turno/@lulaoficial7155590102356446469.jpg
7155628940395121926,2º turno/@lulaoficial7155628940395121926.jpg
7155883989989969157,2º turno/@lulaoficial7155883989989969157.jpg
7156043492706241798,2º turno/@lulaoficial7156043492706241798.jpg
7156123618194230533,2º turno/@lulaoficial7156123618194230533.jpg
7156250866666802437,2º turno/@lulaoficial7156250866666802437.jpg
7156287294180199685,2º turno/@lulaoficial7156287294180199685.jpg
7156575881996160261,2º turno/@lulaoficial7156575881996160261.jpg
7156624552498400518,2º turno/@lulaoficial7156624552498400518.jpg
7156670192557313285,2º turno/@lulaoficial7156670192557313285.jpg
7156690165040303366,2º turno/@lulaoficial7156690165040303366.jpg
7156728010815671558,2º turno/@lulaoficial7156728010815671558.jpg
7156967662030032134,2º turno/@lulaoficial7156967662030032134.jpg
7157004669003386118,2º turno/@lulaoficial7157004669003386118.jpg
7157020210602528005,2º turno/@lulaoficial7157020210602528005.jpg
7157057448648494341,2º turno/@lulaoficial7157057448648494341.jpg
7157312271696268549,2º turno/@lulaoficial7157312271696268549.jpg
7157357899440803077,2º turno/@lulaoficial7157357899440803077.jpg
7157451525785128197,2º turno/@lulaoficial7157451525785128197.jpg
7157477655632186629,2º turno/@lulaoficial7157477655632186629.jpg
7157726007166881030,2º turno/@lulaoficial7157726007166881030.jpg
7157743729426697477,2º turno/@lulaoficial7157743729426697477.jpg
7157804530199989509,2º turno/@lulaoficial7157804530199989509.jpg
7157847876784131333,2º turno/@lulaoficial7157847876784131333.jpg
7157885377854917893,2º turno/@lulaoficial7157885377854917893.jpg
7158052776289881350,2º turno/@lulaoficial7158052776289881350.jpg
7158100945967123718,2º turno/@lulaoficial7158100945967123718.jpg
7158144174741703942,2º turno/@lulaoficial7158144174741703942.jpg
7158185109085048070,2º turno/@lulaoficial7158185109085048070.jpg
7158451031116991750,2º turno/@lulaoficial7158451031116991750.jpg
7158521705323842821,2º turno/@lulaoficial7158521705323842821.jpg
7158530372194536709,2º turno/@lulaoficial7158530372194536709.jpg
7158596845634178309,2º turno/@lulaoficial7158596845634178309.jpg
7158643102306127110,2º turno/@lulaoficial7158643102306127110.jpg
7158819669757922566,2º turno/@lulaoficial7158819669757922566.jpg
7158929967097728262,2º turno/@lulaoficial7158929967097728262.jpg
7159204609628687622,2º turno/@lulaoficial7159204609628687622.jpg
7159239303468436742,2º turno/@lulaoficial7159239303468436742.jpg
7159278949032332550,2º turno/@lulaoficial7159278949032332550.jpg
7159326612197035269,2º turno/@lulaoficial7159326612197035269.jpg
7159557630355115270,2º turno/@lulaoficial7159557630355115270.jpg
7159604487873727750,2º turno/@lulaoficial7159604487873727750.jpg
7159624979728878854,2º turno/@lulaoficial7159624979728878854.jpg
7159667124888276230,2º turno/@lulaoficial7159667124888276230.jpg
7159697847498083590,2º turno/@lulaoficial7159697847498083590.jpg
7159748157373549829,2º turno/@lulaoficial7159748157373549829.jpg
7159946434735836422,2º turno/@lulaoficial7159946434735836422.jpg
7159999922224286982,2º turno/@lulaoficial7159999922224286982.jpg
7160037888611126534,2º turno/@lulaoficial7160037888611126534.jpg
7160041692911930630,2º turno/@lulaoficial7160041692911930630.jpg
7160077729751207174,2º turno/@lulaoficial7160077729751207174.jpg
7160091637970963718,2º turno/@lulaoficial7160091637970963718.jpg
7111390586594151685,1º turno - Lula/@lulaoficial7111390586594151685.jpg
7111662867442568454,1º turno - Lula/@lulaoficial7111662867442568454.jpg
7112083747981282566,1º turno - Lula/@lulaoficial7112083747981282566.jpg
7112481284315811078,1º turno - Lula/@lulaoficial7112481284315811078.jpg
7112599751098453253,1º turno - Lula/@lulaoficial7112599751098453253.jpg
7112763904991726853,1º turno - Lula/@lulaoficial7112763904991726853.jpg
7112914616581246214,1º turno - Lula/@lulaoficial7112914616581246214.jpg
7113257887618567429,1º turno - Lula/@lulaoficial7113257887618567429.jpg
7113562533717462277,1º turno - Lula/@lulaoficial7113562533717462277.jpg
7114244546627783942,1º turno - Lula/@lulaoficial7114244546627783942.jpg
7114785507883715846,1º turno - Lula/@lulaoficial7114785507883715846.jpg
7115033431473474822,1º turno - Lula/@lulaoficial7115033431473474822.jpg
7115174031162215686,1º turno - Lula/@lulaoficial7115174031162215686.jpg
7115357413712153861,1º turno - Lula/@lulaoficial7115357413712153861.jpg
7115560675824422149,1º turno - Lula/@lulaoficial7115560675824422149.jpg
7115793869152734470,1º turno - Lula/@lulaoficial7115793869152734470.jpg
7115851955330632965,1º turno - Lula/@lulaoficial7115851955330632965.jpg
7115921826542292229,1º turno - Lula/@lulaoficial7115921826542292229.jpg
7116192377101946118,1º turno - Lula/@lulaoficial7116192377101946118.jpg
7117039482418892038,1º turno - Lula/@lulaoficial7117039482418892038.jpg
7117411123879496966,1º turno - Lula/@lulaoficial7117411123879496966.jpg
7118042601000881413,1º turno - Lula/@lulaoficial7118042601000881413.jpg
7118447789050252549,1º turno - Lula/@lulaoficial7118447789050252549.jpg
7118453762775108869,1º turno - Lula/@lulaoficial7118453762775108869.jpg
7118506591141317894,1º turno - Lula/@lulaoficial7118506591141317894.jpg
7118767343315979526,1º turno - Lula/@lulaoficial7118767343315979526.jpg
7119192184913431813,1º turno - Lula/@lulaoficial7119192184913431813.jpg
7119275865011145990,1º turno - Lula/@lulaoficial7119275865011145990.jpg
7119293751159262470,1º turno - Lula/@lulaoficial7119293751159262470.jpg
7119509830083038470,1º turno - Lula/@lulaoficial7119509830083038470.jpg
7119636536571809030,1º turno - Lula/@lulaoficial7119636536571809030.jpg
7120002612820266246,1º turno - Lula/@lulaoficial7120002612820266246.jpg
7120270818977844485,1º turno - Lula/@lulaoficial7120270818977844485.jpg
7120308034231913734,1º turno - Lula/@lulaoficial7120308034231913734.jpg
7120372484049816838,1º turno - Lula/@lulaoficial7120372484049816838.jpg
7121003955886296325,1º turno - Lula/@lulaoficial7121003955886296325.jpg
7121357518953090310,1º turno - Lula/@lulaoficial7121357518953090310.jpg
7121452226031127814,1º turno - Lula/@lulaoficial7121452226031127814.jpg
7121793446779587845,1º turno - Lula/@lulaoficial7121793446779587845.jpg
7122086528389614853,1º turno - Lula/@lulaoficial7122086528389614853.jpg
7122172695969565958,1º turno - Lula/@lulaoficial7122172695969565958.jpg
7122222543594949893,1º turno - Lula/@lulaoficial7122222543594949893.jpg
7122595643461356806,1º turno - Lula/@lulaoficial7122595643461356806.jpg
7122606331973930246,1º turno - Lula/@lulaoficial7122606331973930246.jpg
7122794926173080837,1º turno - Lula/@lulaoficial7122794926173080837.jpg
7122918545314417925,1º turno - Lula/@lulaoficial7122918545314417925.jpg
7122953701345479942,1º turno - Lula/@lulaoficial7122953701345479942.jpg
7123231939875720453,1º turno - Lula/@lulaoficial7123231939875720453.jpg
7123644695338650885,1º turno - Lula/@lulaoficial7123644695338650885.jpg
7123937868384308485,1º turno - Lula/@lulaoficial7123937868384308485.jpg
7124343416103783686,1º turno - Lula/@lulaoficial7124343416103783686.jpg
7124436611969862918,1º turno - Lula/@lulaoficial7124436611969862918.jpg
7124650179692727557,1º turno - Lula/@lulaoficial7124650179692727557.jpg
7124801453247548678,1º turno - Lula/@lulaoficial7124801453247548678.jpg
7125168996546022662,1º turno - Lula/@lulaoficial7125168996546022662.jpg
7125329891049934085,1º turno - Lula/@lulaoficial7125329891049934085.jpg
7125519257617681669,1º turno - Lula/@lulaoficial7125519257617681669.jpg
7125758348171005189,1º turno - Lula/@lulaoficial7125758348171005189.jpg
7125823956426214661,1º turno - Lula/@lulaoficial7125823956426214661.jpg
7126173879701146886,1º turno - Lula/@lulaoficial7126173879701146886.jpg
7126502403855240454,1º turno - Lula/@lulaoficial7126502403855240454.jpg
7126561370450988293,1º turno - Lula/@lulaoficial7126561370450988293.jpg
7126678238155279621,1º turno - Lula/@lulaoficial7126678238155279621.jpg
7126866614175255814,1º turno - Lula/@lulaoficial7126866614175255814.jpg
7126936109073976582,1º turno - Lula/@lulaoficial7126936109073976582.jpg
7127247191990603014,1º turno - Lula/@lulaoficial7127247191990603014.jpg
7127337681721232646,1º turno - Lula/@lulaoficial7127337681721232646.jpg
7127615786109259014,1º turno - Lula/@lulaoficial7127615786109259014.jpg
7127929445163355397,1º turno - Lula/@lulaoficial7127929445163355397.jpg
7128066426392284421,1º turno - Lula/@lulaoficial7128066426392284421.jpg
7128182527054941446,1º turno - Lula/@lulaoficial7128182527054941446.jpg
7128401117561523462,1º turno - Lula/@lulaoficial7128401117561523462.jpg
7128500027785301253,1º turno - Lula/@lulaoficial7128500027785301253.jpg
7128889890720304390,1º turno - Lula/@lulaoficial7128889890720304390.jpg
7129319466994863365,1º turno - Lula/@lulaoficial7129319466994863365.jpg
7129627878987451654,1º turno - Lula/@lulaoficial7129627878987451654.jpg
7129679899866057989,1º turno - Lula/@lulaoficial7129679899866057989.jpg
7129999617961381125,1º turno - Lula/@lulaoficial7129999617961381125.jpg
7130256899898887430,1º turno - Lula/@lulaoficial7130256899898887430.jpg
7130286692325494022,1º turno - Lula/@lulaoficial7130286692325494022.jpg
7130323797961362694,1º turno - Lula/@lulaoficial7130323797961362694.jpg
7130613363570117894,1º turno - Lula/@lulaoficial7130613363570117894.jpg
7130703792714059013,1º turno - Lula/@lulaoficial7130703792714059013.jpg
7131015973125115142,1º turno - Lula/@lulaoficial7131015973125115142.jpg
7131113306244287750,1º turno - Lula/@lulaoficial7131113306244287750.jpg
7131348039222004997,1º turno - Lula/@lulaoficial7131348039222004997.jpg
7131402728286342405,1º turno - Lula/@lulaoficial7131402728286342405.jpg
7131493637380132102,1º turno - Lula/@lulaoficial7131493637380132102.jpg
7131742778471599366,1º turno - Lula/@lulaoficial7131742778471599366.jpg
7132126626027998469,1º turno - Lula/@lulaoficial7132126626027998469.jpg
7132140612509289733,1º turno - Lula/@lulaoficial7132140612509289733.jpg
7132157906039966982,1º turno - Lula/@lulaoficial7132157906039966982.jpg
7132207668944440582,1º turno - Lula/@lulaoficial7132207668944440582.jpg
7132308627553012998,1º turno - Lula/@lulaoficial7132308627553012998.jpg
7132480302617873669,1º turno - Lula/@lulaoficial7132480302617873669.jpg
7132503317246233862,1º turno - Lula/@lulaoficial7132503317246233862.jpg
7132523699927813382,1º turno - Lula/@lulaoficial7132523699927813382.jpg
7132807218776263942,1º turno - Lula/@lulaoficial7132807218776263942.jpg
7132933035841850629,1º turno - Lula/@lulaoficial7132933035841850629.jpg
7133219317318946053,1º turno - Lula/@lulaoficial7133219317318946053.jpg
7133313072281816325,1º turno - Lula/@lulaoficial7133313072281816325.jpg
7133605923712437509,1º turno - Lula/@lulaoficial7133605923712437509.jpg
7133614538678734085,1º turno - Lula/@lulaoficial7133614538678734085.jpg
7133651309135383813,1º turno - Lula/@lulaoficial7133651309135383813.jpg
7134063597352733958,1º turno - Lula/@lulaoficial7134063597352733958.jpg
7134355976274070790,1º turno - Lula/@lulaoficial7134355976274070790.jpg
7134405290535013638,1º turno - Lula/@lulaoficial7134405290535013638.jpg
7134442965841349893,1º turno - Lula/@lulaoficial7134442965841349893.jpg
7134470644040764678,1º turno - Lula/@lulaoficial7134470644040764678.jpg
7134678311376047366,1º turno - Lula/@lulaoficial7134678311376047366.jpg
7135082587084557574,1º turno - Lula/@lulaoficial7135082587084557574.jpg
7135154422933507333,1º turno - Lula/@lulaoficial7135154422933507333.jpg
7135191093221641477,1º turno - Lula/@lulaoficial7135191093221641477.jpg
7135414659745598725,1º turno - Lula/@lulaoficial7135414659745598725.jpg
7135525826690321670,1º turno - Lula/@lulaoficial7135525826690321670.jpg
7135818366207479046,1º turno - Lula/@lulaoficial7135818366207479046.jpg
7135871698351459589,1º turno - Lula/@lulaoficial7135871698351459589.jpg
7135999771256392965,1º turno - Lula/@lulaoficial7135999771256392965.jpg
7136011904815828230,1º turno - Lula/@lulaoficial7136011904815828230.jpg
7136259666207706373,1º turno - Lula/@lulaoficial7136259666207706373.jpg
7136300933276847365,1º turno - Lula/@lulaoficial7136300933276847365.jpg
7136379591353994502,1º turno - Lula/@lulaoficial7136379591353994502.jpg
7136566420170689797,1º turno - Lula/@lulaoficial7136566420170689797.jpg
7136616220123581701,1º turno - Lula/@lulaoficial7136616220123581701.jpg
7136685764212968710,1º turno - Lula/@lulaoficial7136685764212968710.jpg
7136902837463796998,1º turno - Lula/@lulaoficial7136902837463796998.jpg
7136940493316951302,1º turno - Lula/@lulaoficial7136940493316951302.jpg
7136995684112239877,1º turno - Lula/@lulaoficial7136995684112239877.jpg
7137145105516973318,1º turno - Lula/@lulaoficial7137145105516973318.jpg
7137338570527755525,1º turno - Lula/@lulaoficial7137338570527755525.jpg
7137435201960955141,1º turno - Lula/@lulaoficial7137435201960955141.jpg
7137452934169693445,1º turno - Lula/@lulaoficial7137452934169693445.jpg
7137637065616821509,1º turno - Lula/@lulaoficial7137637065616821509.jpg
7137711474922786053,1º turno - Lula/@lulaoficial7137711474922786053.jpg
7137757605404888325,1º turno - Lula/@lulaoficial7137757605404888325.jpg
7137801938913004806,1º turno - Lula/@lulaoficial7137801938913004806.jpg
7137827454768385285,1º turno - Lula/@lulaoficial7137827454768385285.jpg
7137993262245121286,1º turno - Lula/@lulaoficial7137993262245121286.jpg
7138089810849287430,1º turno - Lula/@lulaoficial7138089810849287430.jpg
7138202510384286982,1º turno - Lula/@lulaoficial7138202510384286982.jpg
7138228572757527813,1º turno - Lula/@lulaoficial7138228572757527813.jpg
7138398745724603653,1º turno - Lula/@lulaoficial7138398745724603653.jpg
7138447266934902022,1º turno - Lula/@lulaoficial7138447266934902022.jpg
7138527757897567493,1º turno - Lula/@lulaoficial7138527757897567493.jpg
7138769033851194630,1º turno - Lula/@lulaoficial7138769033851194630.jpg
7138822872415423750,1º turno - Lula/@lulaoficial7138822872415423750.jpg
7138850032819752197,1º turno - Lula/@lulaoficial7138850032819752197.jpg
7139176523604430086,1º turno - Lula/@lulaoficial7139176523604430086.jpg
7139266455882796294,1º turno - Lula/@lulaoficial7139266455882796294.jpg
7139326490860195078,1º turno - Lula/@lulaoficial7139326490860195078.jpg
7139482352639577349,1º turno - Lula/@lulaoficial7139482352639577349.jpg
7139582514061905157,1º turno - Lula/@lulaoficial7139582514061905157.jpg
7139626415502150917,1º turno - Lula/@lulaoficial7139626415502150917.jpg
7139708633780096262,1º turno - Lula/@lulaoficial7139708633780096262.jpg
7139878521756847365,1º turno - Lula/@lulaoficial7139878521756847365.jpg
7139908004136111365,1º turno - Lula/@lulaoficial7139908004136111365.jpg
7139971812351331589,1º turno - Lula/@lulaoficial7139971812351331589.jpg
7140012090147736837,1º turno - Lula/@lulaoficial7140012090147736837.jpg
7140046388200525062,1º turno - Lula/@lulaoficial7140046388200525062.jpg
7140079246764018949,1º turno - Lula/@lulaoficial7140079246764018949.jpg
7140278202722782469,1º turno - Lula/@lulaoficial7140278202722782469.jpg
7140333564603731206,1º turno - Lula/@lulaoficial7140333564603731206.jpg
7140400801607912710,1º turno - Lula/@lulaoficial7140400801607912710.jpg
7140627900113505541,1º turno - Lula/@lulaoficial7140627900113505541.jpg
7140661248114330886,1º turno - Lula/@lulaoficial7140661248114330886.jpg
7140714466550861061,1º turno - Lula/@lulaoficial7140714466550861061.jpg
7140748124288584965,1º turno - Lula/@lulaoficial7140748124288584965.jpg
7140785051674905861,1º turno - Lula/@lulaoficial7140785051674905861.jpg
7141020675409726726,1º turno - Lula/@lulaoficial7141020675409726726.jpg
7141114627265400091,1º turno - Lula/@lulaoficial7141114627265400091.jpg
7141325739667770630,1º turno - Lula/@lulaoficial7141325739667770630.jpg
7141387420041301254,1º turno - Lula/@lulaoficial7141387420041301254.jpg
7141433328338603270,1º turno - Lula/@lulaoficial7141433328338603270.jpg
7141495087296515334,1º turno - Lula/@lulaoficial7141495087296515334.jpg
7141520592070511877,1º turno - Lula/@lulaoficial7141520592070511877.jpg
7141713561314757894,1º turno - Lula/@lulaoficial7141713561314757894.jpg
7141861750957198598,1º turno - Lula/@lulaoficial7141861750957198598.jpg
7142081541441686789,1º turno - Lula/@lulaoficial7142081541441686789.jpg
7142227938459651334,1º turno - Lula/@lulaoficial7142227938459651334.jpg
7142533472563858694,1º turno - Lula/@lulaoficial7142533472563858694.jpg
7142592433547758854,1º turno - Lula/@lulaoficial7142592433547758854.jpg
7142680572878540038,1º turno - Lula/@lulaoficial7142680572878540038.jpg
7142701810724244742,1º turno - Lula/@lulaoficial7142701810724244742.jpg
7142840652773084421,1º turno - Lula/@lulaoficial7142840652773084421.jpg
7142888038056676614,1º turno - Lula/@lulaoficial7142888038056676614.jpg
7142967289648893190,1º turno - Lula/@lulaoficial7142967289648893190.jpg
7143046599567019269,1º turno - Lula/@lulaoficial7143046599567019269.jpg
7143216083946786053,1º turno - Lula/@lulaoficial7143216083946786053.jpg
7143330045069724934,1º turno - Lula/@lulaoficial7143330045069724934.jpg
7143612096566152454,1º turno - Lula/@lulaoficial7143612096566152454.jpg
7143687631988100358,1º turno - Lula/@lulaoficial7143687631988100358.jpg
7143765546046115078,1º turno - Lula/@lulaoficial7143765546046115078.jpg
7143953519387692294,1º turno - Lula/@lulaoficial7143953519387692294.jpg
7144311312254913797,1º turno - Lula/@lulaoficial7144311312254913797.jpg
7144371995495419141,1º turno - Lula/@lulaoficial7144371995495419141.jpg
7144441092887284998,1º turno - Lula/@lulaoficial7144441092887284998.jpg
7144464419387591942,1º turno - Lula/@lulaoficial7144464419387591942.jpg
7144772057631411462,1º turno - Lula/@lulaoficial7144772057631411462.jpg
7145033272052010246,1º turno - Lula/@lulaoficial7145033272052010246.jpg
7145165221307501829,1º turno - Lula/@lulaoficial7145165221307501829.jpg
7145237663451188485,1º turno - Lula/@lulaoficial7145237663451188485.jpg
7145433077567868166,1º turno - Lula/@lulaoficial7145433077567868166.jpg
7145488577718258950,1º turno - Lula/@lulaoficial7145488577718258950.jpg
7145573305687313669,1º turno - Lula/@lulaoficial7145573305687313669.jpg
7145622898441489669,1º turno - Lula/@lulaoficial7145622898441489669.jpg
7145826714134826245,1º turno - Lula/@lulaoficial7145826714134826245.jpg
7145935876328082694,1º turno - Lula/@lulaoficial7145935876328082694.jpg
7146179525116693765,1º turno - Lula/@lulaoficial7146179525116693765.jpg
7146324665932254470,1º turno - Lula/@lulaoficial7146324665932254470.jpg
7146508771857026309,1º turno - Lula/@lulaoficial7146508771857026309.jpg
7146574113539214598,1º turno - Lula/@lulaoficial7146574113539214598.jpg
7146758413807013125,1º turno - Lula/@lulaoficial7146758413807013125.jpg
7146954881847348486,1º turno - Lula/@lulaoficial7146954881847348486.jpg
7147031236970548485,1º turno - Lula/@lulaoficial7147031236970548485.jpg
7147299061391969542,1º turno - Lula/@lulaoficial7147299061391969542.jpg
7147701569931250971,1º turno - Lula/@lulaoficial7147701569931250971.jpg
7147734526565944582,1º turno - Lula/@lulaoficial7147734526565944582.jpg
7147862083529411846,1º turno - Lula/@lulaoficial7147862083529411846.jpg
7148015258232179974,1º turno - Lula/@lulaoficial7148015258232179974.jpg
7148047416015473926,1º turno - Lula/@lulaoficial7148047416015473926.jpg
7148165010315906310,1º turno - Lula/@lulaoficial7148165010315906310.jpg
7148455112862731525,1º turno - Lula/@lulaoficial7148455112862731525.jpg
7148520263263489286,1º turno - Lula/@lulaoficial7148520263263489286.jpg
7148564104536444165,1º turno - Lula/@lulaoficial7148564104536444165.jpg
7148813673446886661,1º turno - Lula/@lulaoficial7148813673446886661.jpg
7149031825040510214,1º turno - Lula/@lulaoficial7149031825040510214.jpg
7149172319502486790,1º turno - Lula/@lulaoficial7149172319502486790.jpg
7149319902761880838,1º turno - Lula/@lulaoficial7149319902761880838.jpg
7149374900640238853,1º turno - Lula/@lulaoficial7149374900640238853.jpg
7149614325265599749,1º turno - Lula/@lulaoficial7149614325265599749.jpg
7149624883759058182,1º turno - Lula/@lulaoficial7149624883759058182.jpg
7149669297449635077,1º turno - Lula/@lulaoficial7149669297449635077.jpg
7149706055642008838,1º turno - Lula/@lulaoficial7149706055642008838.jpg
7149936616763591941,1º turno - Lula/@lulaoficial7149936616763591941.jpg
7150120665184505093,1º turno - Lula/@lulaoficial7150120665184505093.jpg
7150126533603069189,1º turno - Lula/@lulaoficial7150126533603069189.jpg
7150416721969483013,1º turno - Lula/@lulaoficial7150416721969483013.jpg
7150447853561826566,1º turno - Lula/@lulaoficial7150447853561826566.jpg
7150656050285268229,1º turno - Lula/@lulaoficial7150656050285268229.jpg
7150736782378798342,1º turno - Lula/@lulaoficial7150736782378798342.jpg
7151165495662644485,1º turno - Lula/@lulaoficial7151165495662644485.jpg
7151392476425751813,1º turno - Lula/@lulaoficial7151392476425751813.jpg
7151539002359680262,1º turno - Lula/@lulaoficial7151539002359680262.jpg
7151758742588230918,1º turno - Lula/@lulaoficial7151758742588230918.jpg
7151832676020800774,1º turno - Lula/@lulaoficial7151832676020800774.jpg
7152119575239265542,1º turno - Lula/@lulaoficial7152119575239265542.jpg
7152150581144980742,1º turno - Lula/@lulaoficial7152150581144980742.jpg
7152235693681478918,1º turno - Lula/@lulaoficial7152235693681478918.jpg
7152631322714934533,1º turno - Lula/@lulaoficial7152631322714934533.jpg
7152675505647504645,1º turno - Lula/@lulaoficial7152675505647504645.jpg
7152858343596444933,1º turno - Lula/@lulaoficial7152858343596444933.jpg
7152874891794976006,1º turno - Lula/@lulaoficial7152874891794976006.jpg
7153001568843910406,1º turno - Lula/@lulaoficial7153001568843910406.jpg
7153328018507697413,1º turno - Lula/@lulaoficial7153328018507697413.jpg
7153657340649147653,1º turno - Lula/@lulaoficial7153657340649147653.jpg
7153702523025575173,1º turno - Lula/@lulaoficial7153702523025575173.jpg
7153972048652422406,1º turno - Lula/@lulaoficial7153972048652422406.jpg
7154031444111707397,1º turno - Lula/@lulaoficial7154031444111707397.jpg
7154164040397245702,1º turno - Lula/@lulaoficial7154164040397245702.jpg
7154382144129731845,1º turno - Lula/@lulaoficial7154382144129731845.jpg
7154720598432812294,1º turno - Lula/@lulaoficial7154720598432812294.jpg
7154750278674156805,1º turno - Lula/@lulaoficial7154750278674156805.jpg
7154894473569275142,1º turno - Lula/@lulaoficial7154894473569275142.jpg
7155144677912595717,1º turno - Lula/@lulaoficial7155144677912595717.jpg
7155300376822942981,1º turno - Lula/@lulaoficial7155300376822942981.jpg
7155321319637126405,1º turno - Lula/@lulaoficial7155321319637126405.jpg
7155430156973116678,1º turno - Lula/@lulaoficial7155430156973116678.jpg
7155590102356446469,1º turno - Lula/@lulaoficial7155590102356446469.jpg
7155628940395121926,1º turno - Lula/@lulaoficial7155628940395121926.jpg
7155883989989969157,1º turno - Lula/@lulaoficial7155883989989969157.jpg
7156043492706241798,1º turno - Lula/@lulaoficial7156043492706241798.jpg
7156123618194230533,1º turno - Lula/@lulaoficial7156123618194230533.jpg
7156250866666802437,1º turno - Lula/@lulaoficial7156250866666802437.jpg
7156287294180199685,1º turno - Lula/@lulaoficial7156287294180199685.jpg
7156575881996160261,1º turno - Lula/@lulaoficial7156575881996160261.jpg
7156624552498400518,1º turno - Lula/@lulaoficial7156624552498400518.jpg
7156670192557313285,1º turno - Lula/@lulaoficial7156670192557313285.jpg
7156690165040303366,1º turno - Lula/@lulaoficial7156690165040303366.jpg
7156728010815671558,1º turno - Lula/@lulaoficial7156728010815671558.jpg
7156967662030032134,1º turno - Lula/@lulaoficial7156967662030032134.jpg
7157004669003386118,1º turno - Lula/@lulaoficial7157004669003386118.jpg
7157020210602528005,1º turno - Lula/@lulaoficial7157020210602528005.jpg
7157057448648494341,1º turno - Lula/@lulaoficial7157057448648494341.jpg
7157312271696268549,1º turno - Lula/@lulaoficial7157312271696268549.jpg
7157357899440803077,1º turno - Lula/@lulaoficial7157357899440803077.jpg
7157451525785128197,1º turno - Lula/@lulaoficial7157451525785128197.jpg
7157477655632186629,1º turno - Lula/@lulaoficial7157477655632186629.jpg
7157726007166881030,1º turno - Lula/@lulaoficial7157726007166881030.jpg
7157743729426697477,1º turno - Lula/@lulaoficial7157743729426697477.jpg
7157804530199989509,1º turno - Lula/@lulaoficial7157804530199989509.jpg
7157847876784131333,1º turno - Lula/@lulaoficial7157847876784131333.jpg
7157885377854917893,1º turno - Lula/@lulaoficial7157885377854917893.jpg
7158052776289881350,1º turno - Lula/@lulaoficial7158052776289881350.jpg
7158100945967123718,1º turno - Lula/@lulaoficial7158100945967123718.jpg
7158144174741703942,1º turno - Lula/@lulaoficial7158144174741703942.jpg
7158185109085048070,1º turno - Lula/@lulaoficial7158185109085048070.jpg
7158451031116991750,1º turno - Lula/@lulaoficial7158451031116991750.jpg
7158521705323842821,1º turno - Lula/@lulaoficial7158521705323842821.jpg
7158530372194536709,1º turno - Lula/@lulaoficial7158530372194536709.jpg
7158596845634178309,1º turno - Lula/@lulaoficial7158596845634178309.jpg
7158643102306127110,1º turno - Lula/@lulaoficial7158643102306127110.jpg
7158819669757922566,1º turno - Lula/@lulaoficial7158819669757922566.jpg
7158929967097728262,1º turno - Lula/@lulaoficial7158929967097728262.jpg
7159204609628687622,1º turno - Lula/@lulaoficial7159204609628687622.jpg
7159239303468436742,1º turno - Lula/@lulaoficial7159239303468436742.jpg
7159278949032332550,1º turno - Lula/@lulaoficial7159278949032332550.jpg
7159326612197035269,1º turno - Lula/@lulaoficial7159326612197035269.jpg
7159557630355115270,1º turno - Lula/@lulaoficial7159557630355115270.jpg
7159604487873727750,1º turno - Lula/@lulaoficial7159604487873727750.jpg
7159624979728878854,1º turno - Lula/@lulaoficial7159624979728878854.jpg
7159667124888276230,1º turno - Lula/@lulaoficial7159667124888276230.jpg
7159697847498083590,1º turno - Lula/@lulaoficial7159697847498083590.jpg
7159748157373549829,1º turno - Lula/@lulaoficial7159748157373549829.jpg
7159946434735836422,1º turno - Lula/@lulaoficial7159946434735836422.jpg
7159999922224286982,1º turno - Lula/@lulaoficial7159999922224286982.jpg
7160037888611126534,1º turno - Lula/@lulaoficial7160037888611126534.jpg
7160041692911930630,1º turno - Lula/@lulaoficial7160041692911930630.jpg
7160077729751207174,1º turno - Lula/@lulaoficial7160077729751207174.jpg
7160091637970963718,1º turno - Lula/@lulaoficial7160091637970963718.jpg
7150280209315417349,2º turno/@bolsonaromessiasjair7150280209315417349.jpg
7150687987012013317,2º turno/@bolsonaromessiasjair7150687987012013317.jpg
7151055678486990085,2º turno/@bolsonaromessiasjair7151055678486990085.jpg
7151517516244864262,2º turno/@bolsonaromessiasjair7151517516244864262.jpg
7151583849414266117,2º turno/@bolsonaromessiasjair7151583849414266117.jpg
7151733451157261573,2º turno/@bolsonaromessiasjair7151733451157261573.jpg
7151888457101675782,2º turno/@bolsonaromessiasjair7151888457101675782.jpg
7151895134433512709,2º turno/@bolsonaromessiasjair7151895134433512709.jpg
7152116839567363334,2º turno/@bolsonaromessiasjair7152116839567363334.jpg
7152178193699572997,2º turno/@bolsonaromessiasjair7152178193699572997.jpg
7152483582596926725,2º turno/@bolsonaromessiasjair7152483582596926725.jpg
7152844420998548742,2º turno/@bolsonaromessiasjair7152844420998548742.jpg
7153201264568913158,2º turno/@bolsonaromessiasjair7153201264568913158.jpg
7153302688556420358,2º turno/@bolsonaromessiasjair7153302688556420358.jpg
7153374801409707270,2º turno/@bolsonaromessiasjair7153374801409707270.jpg
7153610126375521541,2º turno/@bolsonaromessiasjair7153610126375521541.jpg
7153666557539798277,2º turno/@bolsonaromessiasjair7153666557539798277.jpg
7154040855152610565,2º turno/@bolsonaromessiasjair7154040855152610565.jpg
7154301373570436358,2º turno/@bolsonaromessiasjair7154301373570436358.jpg
7154437709392661765,2º turno/@bolsonaromessiasjair7154437709392661765.jpg
7154526379860692229,2º turno/@bolsonaromessiasjair7154526379860692229.jpg
7154705772268489989,2º turno/@bolsonaromessiasjair7154705772268489989.jpg
7154840992284232966,2º turno/@bolsonaromessiasjair7154840992284232966.jpg
7155198217771060486,2º turno/@bolsonaromessiasjair7155198217771060486.jpg
7155214901395377414,2º turno/@bolsonaromessiasjair7155214901395377414.jpg
7155282520869735686,2º turno/@bolsonaromessiasjair7155282520869735686.jpg
7155454754271825158,2º turno/@bolsonaromessiasjair7155454754271825158.jpg
7155795146729164037,2º turno/@bolsonaromessiasjair7155795146729164037.jpg
7155885964139695365,2º turno/@bolsonaromessiasjair7155885964139695365.jpg
7156357305955650821,2º turno/@bolsonaromessiasjair7156357305955650821.jpg
7156652813647449350,2º turno/@bolsonaromessiasjair7156652813647449350.jpg
7156698258792860933,2º turno/@bolsonaromessiasjair7156698258792860933.jpg
7156768353820921093,2º turno/@bolsonaromessiasjair7156768353820921093.jpg
7156930375321718022,2º turno/@bolsonaromessiasjair7156930375321718022.jpg
7157016793855364358,2º turno/@bolsonaromessiasjair7157016793855364358.jpg
7157154489835851014,2º turno/@bolsonaromessiasjair7157154489835851014.jpg
7157335164136230149,2º turno/@bolsonaromessiasjair7157335164136230149.jpg
7157407242067660038,2º turno/@bolsonaromessiasjair7157407242067660038.jpg
7157441811538038022,2º turno/@bolsonaromessiasjair7157441811538038022.jpg
7157697379070676230,2º turno/@bolsonaromessiasjair7157697379070676230.jpg
7157773223302679814,2º turno/@bolsonaromessiasjair7157773223302679814.jpg
7157899882932571398,2º turno/@bolsonaromessiasjair7157899882932571398.jpg
7158062596438969605,2º turno/@bolsonaromessiasjair7158062596438969605.jpg
7158480559654636805,2º turno/@bolsonaromessiasjair7158480559654636805.jpg
7158547810244332806,2º turno/@bolsonaromessiasjair7158547810244332806.jpg
7158599839259856134,2º turno/@bolsonaromessiasjair7158599839259856134.jpg
7158760403244256517,2º turno/@bolsonaromessiasjair7158760403244256517.jpg
7159137058555022598,2º turno/@bolsonaromessiasjair7159137058555022598.jpg
7159293944143138053,2º turno/@bolsonaromessiasjair7159293944143138053.jpg
7159536039252577542,2º turno/@bolsonaromessiasjair7159536039252577542.jpg
7159681566732520710,2º turno/@bolsonaromessiasjair7159681566732520710.jpg
7159695635761876230,2º turno/@bolsonaromessiasjair7159695635761876230.jpg
7159766081593150726,2º turno/@bolsonaromessiasjair7159766081593150726.jpg
7159773640030997766,2º turno/@bolsonaromessiasjair7159773640030997766.jpg
7159891102143630597,2º turno/@bolsonaromessiasjair7159891102143630597.jpg
7159943895445441797,2º turno/@bolsonaromessiasjair7159943895445441797.jpg
7160017587160485125,2º turno/@bolsonaromessiasjair7160017587160485125.jpg
7060990109046377734,1º turno - Bolsonaro/@bolsonaromessiasjair7060990109046377734.jpg
7060999274284240134,1º turno - Bolsonaro/@bolsonaromessiasjair7060999274284240134.jpg
7061248284618247429,1º turno - Bolsonaro/@bolsonaromessiasjair7061248284618247429.jpg
7061729512853146886,1º turno - Bolsonaro/@bolsonaromessiasjair7061729512853146886.jpg
7062074632446299398,1º turno - Bolsonaro/@bolsonaromessiasjair7062074632446299398.jpg
7062308722109893894,1º turno - Bolsonaro/@bolsonaromessiasjair7062308722109893894.jpg
7062402803955895558,1º turno - Bolsonaro/@bolsonaromessiasjair7062402803955895558.jpg
7062689458709073157,1º turno - Bolsonaro/@bolsonaromessiasjair7062689458709073157.jpg
7062856690630200582,1º turno - Bolsonaro/@bolsonaromessiasjair7062856690630200582.jpg
7063056140233477381,1º turno - Bolsonaro/@bolsonaromessiasjair7063056140233477381.jpg
7063249034084928774,1º turno - Bolsonaro/@bolsonaromessiasjair7063249034084928774.jpg
7063494774287879429,1º turno - Bolsonaro/@bolsonaromessiasjair7063494774287879429.jpg
7063796844056349958,1º turno - Bolsonaro/@bolsonaromessiasjair7063796844056349958.jpg
7064002614374976774,1º turno - Bolsonaro/@bolsonaromessiasjair7064002614374976774.jpg
7064190592317803781,1º turno - Bolsonaro/@bolsonaromessiasjair7064190592317803781.jpg
7064335153807543558,1º turno - Bolsonaro/@bolsonaromessiasjair7064335153807543558.jpg
7064664440586784005,1º turno - Bolsonaro/@bolsonaromessiasjair7064664440586784005.jpg
7064955948019764486,1º turno - Bolsonaro/@bolsonaromessiasjair7064955948019764486.jpg
7065229955612937478,1º turno - Bolsonaro/@bolsonaromessiasjair7065229955612937478.jpg
7065341195483876614,1º turno - Bolsonaro/@bolsonaromessiasjair7065341195483876614.jpg
7065444812492737797,1º turno - Bolsonaro/@bolsonaromessiasjair7065444812492737797.jpg
7065592011956505861,1º turno - Bolsonaro/@bolsonaromessiasjair7065592011956505861.jpg
7065612567703457030,1º turno - Bolsonaro/@bolsonaromessiasjair7065612567703457030.jpg
7066064825297718533,1º turno - Bolsonaro/@bolsonaromessiasjair7066064825297718533.jpg
7066417148989869317,1º turno - Bolsonaro/@bolsonaromessiasjair7066417148989869317.jpg
7066751976314260742,1º turno - Bolsonaro/@bolsonaromessiasjair7066751976314260742.jpg
7067145545499856134,1º turno - Bolsonaro/@bolsonaromessiasjair7067145545499856134.jpg
7067269906789698822,1º turno - Bolsonaro/@bolsonaromessiasjair7067269906789698822.jpg
7067563025925934341,1º turno - Bolsonaro/@bolsonaromessiasjair7067563025925934341.jpg
7067905531943406854,1º turno - Bolsonaro/@bolsonaromessiasjair7067905531943406854.jpg
7068341851488521478,1º turno - Bolsonaro/@bolsonaromessiasjair7068341851488521478.jpg
7068599846764104966,1º turno - Bolsonaro/@bolsonaromessiasjair7068599846764104966.jpg
7068649832721714438,1º turno - Bolsonaro/@bolsonaromessiasjair7068649832721714438.jpg
7068787106323123462,1º turno - Bolsonaro/@bolsonaromessiasjair7068787106323123462.jpg
7069059496814890245,1º turno - Bolsonaro/@bolsonaromessiasjair7069059496814890245.jpg
7069541045318536453,1º turno - Bolsonaro/@bolsonaromessiasjair7069541045318536453.jpg
7069880658700553477,1º turno - Bolsonaro/@bolsonaromessiasjair7069880658700553477.jpg
7070128350324444422,1º turno - Bolsonaro/@bolsonaromessiasjair7070128350324444422.jpg
7070249608659733765,1º turno - Bolsonaro/@bolsonaromessiasjair7070249608659733765.jpg
7070601289549286661,1º turno - Bolsonaro/@bolsonaromessiasjair7070601289549286661.jpg
7070845941233847558,1º turno - Bolsonaro/@bolsonaromessiasjair7070845941233847558.jpg
7071006829936954629,1º turno - Bolsonaro/@bolsonaromessiasjair7071006829936954629.jpg
7071197537096436998,1º turno - Bolsonaro/@bolsonaromessiasjair7071197537096436998.jpg
7071288026923617541,1º turno - Bolsonaro/@bolsonaromessiasjair7071288026923617541.jpg
7071421113565302021,1º turno - Bolsonaro/@bolsonaromessiasjair7071421113565302021.jpg
7071601767384894725,1º turno - Bolsonaro/@bolsonaromessiasjair7071601767384894725.jpg
7071767985358195973,1º turno - Bolsonaro/@bolsonaromessiasjair7071767985358195973.jpg
7072043448102063366,1º turno - Bolsonaro/@bolsonaromessiasjair7072043448102063366.jpg
7072412369091038469,1º turno - Bolsonaro/@bolsonaromessiasjair7072412369091038469.jpg
7072758305168297221,1º turno - Bolsonaro/@bolsonaromessiasjair7072758305168297221.jpg
7072856039762185478,1º turno - Bolsonaro/@bolsonaromessiasjair7072856039762185478.jpg
7073092023338732805,1º turno - Bolsonaro/@bolsonaromessiasjair7073092023338732805.jpg
7073557824122440965,1º turno - Bolsonaro/@bolsonaromessiasjair7073557824122440965.jpg
7073669401756634374,1º turno - Bolsonaro/@bolsonaromessiasjair7073669401756634374.jpg
7073822265774738693,1º turno - Bolsonaro/@bolsonaromessiasjair7073822265774738693.jpg
7074204796114259205,1º turno - Bolsonaro/@bolsonaromessiasjair7074204796114259205.jpg
7074510669269290246,1º turno - Bolsonaro/@bolsonaromessiasjair7074510669269290246.jpg
7074550543036714245,1º turno - Bolsonaro/@bolsonaromessiasjair7074550543036714245.jpg
7074970044110785798,1º turno - Bolsonaro/@bolsonaromessiasjair7074970044110785798.jpg
7075090234114952453,1º turno - Bolsonaro/@bolsonaromessiasjair7075090234114952453.jpg
7075478879296654598,1º turno - Bolsonaro/@bolsonaromessiasjair7075478879296654598.jpg
7075716132166061317,1º turno - Bolsonaro/@bolsonaromessiasjair7075716132166061317.jpg
7076116013917555973,1º turno - Bolsonaro/@bolsonaromessiasjair7076116013917555973.jpg
7076427165595634950,1º turno - Bolsonaro/@bolsonaromessiasjair7076427165595634950.jpg
7076797582801915141,1º turno - Bolsonaro/@bolsonaromessiasjair7076797582801915141.jpg
7077208151866494214,1º turno - Bolsonaro/@bolsonaromessiasjair7077208151866494214.jpg
7077539969274744069,1º turno - Bolsonaro/@bolsonaromessiasjair7077539969274744069.jpg
7077688304832875781,1º turno - Bolsonaro/@bolsonaromessiasjair7077688304832875781.jpg
7077950303974313221,1º turno - Bolsonaro/@bolsonaromessiasjair7077950303974313221.jpg
7078247361947913477,1º turno - Bolsonaro/@bolsonaromessiasjair7078247361947913477.jpg
7078383675930463494,1º turno - Bolsonaro/@bolsonaromessiasjair7078383675930463494.jpg
7078668539896335621,1º turno - Bolsonaro/@bolsonaromessiasjair7078668539896335621.jpg
7078718005881933062,1º turno - Bolsonaro/@bolsonaromessiasjair7078718005881933062.jpg
7079053260639849733,1º turno - Bolsonaro/@bolsonaromessiasjair7079053260639849733.jpg
7079407127881616645,1º turno - Bolsonaro/@bolsonaromessiasjair7079407127881616645.jpg
7079448453088152838,1º turno - Bolsonaro/@bolsonaromessiasjair7079448453088152838.jpg
7079811791244528902,1º turno - Bolsonaro/@bolsonaromessiasjair7079811791244528902.jpg
7080134790862736645,1º turno - Bolsonaro/@bolsonaromessiasjair7080134790862736645.jpg
7080480151074655494,1º turno - Bolsonaro/@bolsonaromessiasjair7080480151074655494.jpg
7080869391818034437,1º turno - Bolsonaro/@bolsonaromessiasjair7080869391818034437.jpg
7080987201508510981,1º turno - Bolsonaro/@bolsonaromessiasjair7080987201508510981.jpg
7081246455322676486,1º turno - Bolsonaro/@bolsonaromessiasjair7081246455322676486.jpg
7081645441070288134,1º turno - Bolsonaro/@bolsonaromessiasjair7081645441070288134.jpg
7082009893443554566,1º turno - Bolsonaro/@bolsonaromessiasjair7082009893443554566.jpg
7082379397931470086,1º turno - Bolsonaro/@bolsonaromessiasjair7082379397931470086.jpg
7082756806845517062,1º turno - Bolsonaro/@bolsonaromessiasjair7082756806845517062.jpg
7082888182424931590,1º turno - Bolsonaro/@bolsonaromessiasjair7082888182424931590.jpg
7083150246016027909,1º turno - Bolsonaro/@bolsonaromessiasjair7083150246016027909.jpg
7083248844540005637,1º turno - Bolsonaro/@bolsonaromessiasjair7083248844540005637.jpg
7083474427756727557,1º turno - Bolsonaro/@bolsonaromessiasjair7083474427756727557.jpg
7083844583129468166,1º turno - Bolsonaro/@bolsonaromessiasjair7083844583129468166.jpg
7083978495881202950,1º turno - Bolsonaro/@bolsonaromessiasjair7083978495881202950.jpg
7084173192079756549,1º turno - Bolsonaro/@bolsonaromessiasjair7084173192079756549.jpg
7084358549110803717,1º turno - Bolsonaro/@bolsonaromessiasjair7084358549110803717.jpg
7084406397311388933,1º turno - Bolsonaro/@bolsonaromessiasjair7084406397311388933.jpg
7085046178991115525,1º turno - Bolsonaro/@bolsonaromessiasjair7085046178991115525.jpg
7085324220741307654,1º turno - Bolsonaro/@bolsonaromessiasjair7085324220741307654.jpg
7085732540224507141,1º turno - Bolsonaro/@bolsonaromessiasjair7085732540224507141.jpg
7085837477847600390,1º turno - Bolsonaro/@bolsonaromessiasjair7085837477847600390.jpg
7086006648250060038,1º turno - Bolsonaro/@bolsonaromessiasjair7086006648250060038.jpg
7086219208119405830,1º turno - Bolsonaro/@bolsonaromessiasjair7086219208119405830.jpg
7086407710148758789,1º turno - Bolsonaro/@bolsonaromessiasjair7086407710148758789.jpg
7086541110549630214,1º turno - Bolsonaro/@bolsonaromessiasjair7086541110549630214.jpg
7086614121264942341,1º turno - Bolsonaro/@bolsonaromessiasjair7086614121264942341.jpg
7086865511614614789,1º turno - Bolsonaro/@bolsonaromessiasjair7086865511614614789.jpg
7086922462612491526,1º turno - Bolsonaro/@bolsonaromessiasjair7086922462612491526.jpg
7087205529843551493,1º turno - Bolsonaro/@bolsonaromessiasjair7087205529843551493.jpg
7087311194364611845,1º turno - Bolsonaro/@bolsonaromessiasjair7087311194364611845.jpg
7087373592530324741,1º turno - Bolsonaro/@bolsonaromessiasjair7087373592530324741.jpg
7087591665371811078,1º turno - Bolsonaro/@bolsonaromessiasjair7087591665371811078.jpg
7087692884480183558,1º turno - Bolsonaro/@bolsonaromessiasjair7087692884480183558.jpg
7087925215933648134,1º turno - Bolsonaro/@bolsonaromessiasjair7087925215933648134.jpg
7088316573802433798,1º turno - Bolsonaro/@bolsonaromessiasjair7088316573802433798.jpg
7088628139286383878,1º turno - Bolsonaro/@bolsonaromessiasjair7088628139286383878.jpg
7088744830511090950,1º turno - Bolsonaro/@bolsonaromessiasjair7088744830511090950.jpg
7089039417771445509,1º turno - Bolsonaro/@bolsonaromessiasjair7089039417771445509.jpg
7089368226307591430,1º turno - Bolsonaro/@bolsonaromessiasjair7089368226307591430.jpg
7089481423274446085,1º turno - Bolsonaro/@bolsonaromessiasjair7089481423274446085.jpg
7089545896228064518,1º turno - Bolsonaro/@bolsonaromessiasjair7089545896228064518.jpg
7089835241518468358,1º turno - Bolsonaro/@bolsonaromessiasjair7089835241518468358.jpg
7090144904273251589,1º turno - Bolsonaro/@bolsonaromessiasjair7090144904273251589.jpg
7090204992807685382,1º turno - Bolsonaro/@bolsonaromessiasjair7090204992807685382.jpg
7090524242105732358,1º turno - Bolsonaro/@bolsonaromessiasjair7090524242105732358.jpg
7090649164383669510,1º turno - Bolsonaro/@bolsonaromessiasjair7090649164383669510.jpg
7090880435936447750,1º turno - Bolsonaro/@bolsonaromessiasjair7090880435936447750.jpg
7091074143952604421,1º turno - Bolsonaro/@bolsonaromessiasjair7091074143952604421.jpg
7091095629585206534,1º turno - Bolsonaro/@bolsonaromessiasjair7091095629585206534.jpg
7091253327048035589,1º turno - Bolsonaro/@bolsonaromessiasjair7091253327048035589.jpg
7091393052891188486,1º turno - Bolsonaro/@bolsonaromessiasjair7091393052891188486.jpg
7091687771600964870,1º turno - Bolsonaro/@bolsonaromessiasjair7091687771600964870.jpg
7091758287066008838,1º turno - Bolsonaro/@bolsonaromessiasjair7091758287066008838.jpg
7092046681532943621,1º turno - Bolsonaro/@bolsonaromessiasjair7092046681532943621.jpg
7092369809890905350,1º turno - Bolsonaro/@bolsonaromessiasjair7092369809890905350.jpg
7092477436805319942,1º turno - Bolsonaro/@bolsonaromessiasjair7092477436805319942.jpg
7092558000208006406,1º turno - Bolsonaro/@bolsonaromessiasjair7092558000208006406.jpg
7092571605024509190,1º turno - Bolsonaro/@bolsonaromessiasjair7092571605024509190.jpg
7092749301910228229,1º turno - Bolsonaro/@bolsonaromessiasjair7092749301910228229.jpg
7093178046353558790,1º turno - Bolsonaro/@bolsonaromessiasjair7093178046353558790.jpg
7093241475047296261,1º turno - Bolsonaro/@bolsonaromessiasjair7093241475047296261.jpg
7093551173436804357,1º turno - Bolsonaro/@bolsonaromessiasjair7093551173436804357.jpg
7093814355883592966,1º turno - Bolsonaro/@bolsonaromessiasjair7093814355883592966.jpg
7094182326980136197,1º turno - Bolsonaro/@bolsonaromessiasjair7094182326980136197.jpg
7094338503810567430,1º turno - Bolsonaro/@bolsonaromessiasjair7094338503810567430.jpg
7094402251527179526,1º turno - Bolsonaro/@bolsonaromessiasjair7094402251527179526.jpg
7094404605777415429,1º turno - Bolsonaro/@bolsonaromessiasjair7094404605777415429.jpg
7094662998941256966,1º turno - Bolsonaro/@bolsonaromessiasjair7094662998941256966.jpg
7094940179949047046,1º turno - Bolsonaro/@bolsonaromessiasjair7094940179949047046.jpg
7095359587871689990,1º turno - Bolsonaro/@bolsonaromessiasjair7095359587871689990.jpg
7095424847915928838,1º turno - Bolsonaro/@bolsonaromessiasjair7095424847915928838.jpg
7095723355453656326,1º turno - Bolsonaro/@bolsonaromessiasjair7095723355453656326.jpg
7096096774833704197,1º turno - Bolsonaro/@bolsonaromessiasjair7096096774833704197.jpg
7096231286410366213,1º turno - Bolsonaro/@bolsonaromessiasjair7096231286410366213.jpg
7096401026974076166,1º turno - Bolsonaro/@bolsonaromessiasjair7096401026974076166.jpg
7096609712170470662,1º turno - Bolsonaro/@bolsonaromessiasjair7096609712170470662.jpg
7096832957746367750,1º turno - Bolsonaro/@bolsonaromessiasjair7096832957746367750.jpg
7096914592068078853,1º turno - Bolsonaro/@bolsonaromessiasjair7096914592068078853.jpg
7097199401562656005,1º turno - Bolsonaro/@bolsonaromessiasjair7097199401562656005.jpg
7097547713281117445,1º turno - Bolsonaro/@bolsonaromessiasjair7097547713281117445.jpg
7097677489002138886,1º turno - Bolsonaro/@bolsonaromessiasjair7097677489002138886.jpg
7097969458374839557,1º turno - Bolsonaro/@bolsonaromessiasjair7097969458374839557.jpg
7098044177493019910,1º turno - Bolsonaro/@bolsonaromessiasjair7098044177493019910.jpg
7098112045127666950,1º turno - Bolsonaro/@bolsonaromessiasjair7098112045127666950.jpg
7098343858374839558,1º turno - Bolsonaro/@bolsonaromessiasjair7098343858374839558.jpg
7098446430410509574,1º turno - Bolsonaro/@bolsonaromessiasjair7098446430410509574.jpg
7098699124924534021,1º turno - Bolsonaro/@bolsonaromessiasjair7098699124924534021.jpg
7099020624349105414,1º turno - Bolsonaro/@bolsonaromessiasjair7099020624349105414.jpg
7099110887100878085,1º turno - Bolsonaro/@bolsonaromessiasjair7099110887100878085.jpg
7099379012430056710,1º turno - Bolsonaro/@bolsonaromessiasjair7099379012430056710.jpg
7099489864793476358,1º turno - Bolsonaro/@bolsonaromessiasjair7099489864793476358.jpg
7099550451242241286,1º turno - Bolsonaro/@bolsonaromessiasjair7099550451242241286.jpg
7099764815983381766,1º turno - Bolsonaro/@bolsonaromessiasjair7099764815983381766.jpg
7099816445240036613,1º turno - Bolsonaro/@bolsonaromessiasjair7099816445240036613.jpg
7099888985132076293,1º turno - Bolsonaro/@bolsonaromessiasjair7099888985132076293.jpg
7100134048596544773,1º turno - Bolsonaro/@bolsonaromessiasjair7100134048596544773.jpg
7100326454277295365,1º turno - Bolsonaro/@bolsonaromessiasjair7100326454277295365.jpg
7100520596013894918,1º turno - Bolsonaro/@bolsonaromessiasjair7100520596013894918.jpg
7100870841805655301,1º turno - Bolsonaro/@bolsonaromessiasjair7100870841805655301.jpg
7100951578751864070,1º turno - Bolsonaro/@bolsonaromessiasjair7100951578751864070.jpg
7101034052664216838,1º turno - Bolsonaro/@bolsonaromessiasjair7101034052664216838.jpg
7101048856015572229,1º turno - Bolsonaro/@bolsonaromessiasjair7101048856015572229.jpg
7101247708245019910,1º turno - Bolsonaro/@bolsonaromessiasjair7101247708245019910.jpg
7101275929669881094,1º turno - Bolsonaro/@bolsonaromessiasjair7101275929669881094.jpg
7101419466721971461,1º turno - Bolsonaro/@bolsonaromessiasjair7101419466721971461.jpg
7101601199119404293,1º turno - Bolsonaro/@bolsonaromessiasjair7101601199119404293.jpg
7101701941406878981,1º turno - Bolsonaro/@bolsonaromessiasjair7101701941406878981.jpg
7101975218754751749,1º turno - Bolsonaro/@bolsonaromessiasjair7101975218754751749.jpg
7102065633055067398,1º turno - Bolsonaro/@bolsonaromessiasjair7102065633055067398.jpg
7102196270021856518,1º turno - Bolsonaro/@bolsonaromessiasjair7102196270021856518.jpg
7102450081093258501,1º turno - Bolsonaro/@bolsonaromessiasjair7102450081093258501.jpg
7102479107950136582,1º turno - Bolsonaro/@bolsonaromessiasjair7102479107950136582.jpg
7102742306234699014,1º turno - Bolsonaro/@bolsonaromessiasjair7102742306234699014.jpg
7102926425623186694,1º turno - Bolsonaro/@bolsonaromessiasjair7102926425623186694.jpg
7102966747413613830,1º turno - Bolsonaro/@bolsonaromessiasjair7102966747413613830.jpg
7103154638966312197,1º turno - Bolsonaro/@bolsonaromessiasjair7103154638966312197.jpg
7103462756183035142,1º turno - Bolsonaro/@bolsonaromessiasjair7103462756183035142.jpg
7103468242668178694,1º turno - Bolsonaro/@bolsonaromessiasjair7103468242668178694.jpg
7103562833891200261,1º turno - Bolsonaro/@bolsonaromessiasjair7103562833891200261.jpg
7103637317000137990,1º turno - Bolsonaro/@bolsonaromessiasjair7103637317000137990.jpg
7103840751318076677,1º turno - Bolsonaro/@bolsonaromessiasjair7103840751318076677.jpg
7103938133783268614,1º turno - Bolsonaro/@bolsonaromessiasjair7103938133783268614.jpg
7104003432595459334,1º turno - Bolsonaro/@bolsonaromessiasjair7104003432595459334.jpg
7104013118287711493,1º turno - Bolsonaro/@bolsonaromessiasjair7104013118287711493.jpg
7104047308341333253,1º turno - Bolsonaro/@bolsonaromessiasjair7104047308341333253.jpg
7104262639345323270,1º turno - Bolsonaro/@bolsonaromessiasjair7104262639345323270.jpg
7104390579840175366,1º turno - Bolsonaro/@bolsonaromessiasjair7104390579840175366.jpg
7104696926154640645,1º turno - Bolsonaro/@bolsonaromessiasjair7104696926154640645.jpg
7104762855559269637,1º turno - Bolsonaro/@bolsonaromessiasjair7104762855559269637.jpg
7105002504735313157,1º turno - Bolsonaro/@bolsonaromessiasjair7105002504735313157.jpg
7105057655521135878,1º turno - Bolsonaro/@bolsonaromessiasjair7105057655521135878.jpg
7105118601337785605,1º turno - Bolsonaro/@bolsonaromessiasjair7105118601337785605.jpg
7105323365124099334,1º turno - Bolsonaro/@bolsonaromessiasjair7105323365124099334.jpg
7105437032914242822,1º turno - Bolsonaro/@bolsonaromessiasjair7105437032914242822.jpg
7105519138545634565,1º turno - Bolsonaro/@bolsonaromessiasjair7105519138545634565.jpg
7105713995880926469,1º turno - Bolsonaro/@bolsonaromessiasjair7105713995880926469.jpg
7105780795553369350,1º turno - Bolsonaro/@bolsonaromessiasjair7105780795553369350.jpg
7106170359279308037,1º turno - Bolsonaro/@bolsonaromessiasjair7106170359279308037.jpg
7106251684451601669,1º turno - Bolsonaro/@bolsonaromessiasjair7106251684451601669.jpg
7106478085284973829,1º turno - Bolsonaro/@bolsonaromessiasjair7106478085284973829.jpg
7106561672076119301,1º turno - Bolsonaro/@bolsonaromessiasjair7106561672076119301.jpg
7106844381990227206,1º turno - Bolsonaro/@bolsonaromessiasjair7106844381990227206.jpg
7106889202775706885,1º turno - Bolsonaro/@bolsonaromessiasjair7106889202775706885.jpg
7106978987645209862,1º turno - Bolsonaro/@bolsonaromessiasjair7106978987645209862.jpg
7107033337377590534,1º turno - Bolsonaro/@bolsonaromessiasjair7107033337377590534.jpg
7107221685861977349,1º turno - Bolsonaro/@bolsonaromessiasjair7107221685861977349.jpg
7107305834954231045,1º turno - Bolsonaro/@bolsonaromessiasjair7107305834954231045.jpg
7107385550352485638,1º turno - Bolsonaro/@bolsonaromessiasjair7107385550352485638.jpg
7107585075595791621,1º turno - Bolsonaro/@bolsonaromessiasjair7107585075595791621.jpg
7107652294811962629,1º turno - Bolsonaro/@bolsonaromessiasjair7107652294811962629.jpg
7107685479851609350,1º turno - Bolsonaro/@bolsonaromessiasjair7107685479851609350.jpg
7107758042678103301,1º turno - Bolsonaro/@bolsonaromessiasjair7107758042678103301.jpg
7107929632984354053,1º turno - Bolsonaro/@bolsonaromessiasjair7107929632984354053.jpg
7108017827633777925,1º turno - Bolsonaro/@bolsonaromessiasjair7108017827633777925.jpg
7108026845160869126,1º turno - Bolsonaro/@bolsonaromessiasjair7108026845160869126.jpg
7108337871236517126,1º turno - Bolsonaro/@bolsonaromessiasjair7108337871236517126.jpg
7108353500928625925,1º turno - Bolsonaro/@bolsonaromessiasjair7108353500928625925.jpg
7108429259739237637,1º turno - Bolsonaro/@bolsonaromessiasjair7108429259739237637.jpg
7108679374022528261,1º turno - Bolsonaro/@bolsonaromessiasjair7108679374022528261.jpg
7108740360444202246,1º turno - Bolsonaro/@bolsonaromessiasjair7108740360444202246.jpg
7109059273841265925,1º turno - Bolsonaro/@bolsonaromessiasjair7109059273841265925.jpg
7109123796791086342,1º turno - Bolsonaro/@bolsonaromessiasjair7109123796791086342.jpg
7109193503279729926,1º turno - Bolsonaro/@bolsonaromessiasjair7109193503279729926.jpg
7109455902209559814,1º turno - Bolsonaro/@bolsonaromessiasjair7109455902209559814.jpg
7109498468439248134,1º turno - Bolsonaro/@bolsonaromessiasjair7109498468439248134.jpg
7109792713993768198,1º turno - Bolsonaro/@bolsonaromessiasjair7109792713993768198.jpg
7109895805095480582,1º turno - Bolsonaro/@bolsonaromessiasjair7109895805095480582.jpg
7110129616353840390,1º turno - Bolsonaro/@bolsonaromessiasjair7110129616353840390.jpg
7110206942802414853,1º turno - Bolsonaro/@bolsonaromessiasjair7110206942802414853.jpg
7110243160206429445,1º turno - Bolsonaro/@bolsonaromessiasjair7110243160206429445.jpg
7110533131853188358,1º turno - Bolsonaro/@bolsonaromessiasjair7110533131853188358.jpg
7110701288920321285,1º turno - Bolsonaro/@bolsonaromessiasjair7110701288920321285.jpg
7110957493630668038,1º turno - Bolsonaro/@bolsonaromessiasjair7110957493630668038.jpg
7111127621680794886,1º turno - Bolsonaro/@bolsonaromessiasjair7111127621680794886.jpg
7111254294485126405,1º turno - Bolsonaro/@bolsonaromessiasjair7111254294485126405.jpg
7111364589169724677,1º turno - Bolsonaro/@bolsonaromessiasjair7111364589169724677.jpg
7111387104285953285,1º turno - Bolsonaro/@bolsonaromessiasjair7111387104285953285.jpg
7111453112619011333,1º turno - Bolsonaro/@bolsonaromessiasjair7111453112619011333.jpg
7111636339702893829,1º turno - Bolsonaro/@bolsonaromessiasjair7111636339702893829.jpg
7111749502607887622,1º turno - Bolsonaro/@bolsonaromessiasjair7111749502607887622.jpg
7112014798933511429,1º turno - Bolsonaro/@bolsonaromessiasjair7112014798933511429.jpg
7112079025891200261,1º turno - Bolsonaro/@bolsonaromessiasjair7112079025891200261.jpg
7112089929294875909,1º turno - Bolsonaro/@bolsonaromessiasjair7112089929294875909.jpg
7112496550059855109,1º turno - Bolsonaro/@bolsonaromessiasjair7112496550059855109.jpg
7112556161316048133,1º turno - Bolsonaro/@bolsonaromessiasjair7112556161316048133.jpg
7112755760643198213,1º turno - Bolsonaro/@bolsonaromessiasjair7112755760643198213.jpg
7112798896388148486,1º turno - Bolsonaro/@bolsonaromessiasjair7112798896388148486.jpg
7112861186873494790,1º turno - Bolsonaro/@bolsonaromessiasjair7112861186873494790.jpg
7112891223710485766,1º turno - Bolsonaro/@bolsonaromessiasjair7112891223710485766.jpg
7112908634236980485,1º turno - Bolsonaro/@bolsonaromessiasjair7112908634236980485.jpg
7112933602408615174,1º turno - Bolsonaro/@bolsonaromessiasjair7112933602408615174.jpg
7113136404560874758,1º turno - Bolsonaro/@bolsonaromessiasjair7113136404560874758.jpg
7113212245017890053,1º turno - Bolsonaro/@bolsonaromessiasjair7113212245017890053.jpg
7113219881750760710,1º turno - Bolsonaro/@bolsonaromessiasjair7113219881750760710.jpg
7113277412569287941,1º turno - Bolsonaro/@bolsonaromessiasjair7113277412569287941.jpg
7113498817177079045,1º turno - Bolsonaro/@bolsonaromessiasjair7113498817177079045.jpg
7113502596731538694,1º turno - Bolsonaro/@bolsonaromessiasjair7113502596731538694.jpg
7113869723741310214,1º turno - Bolsonaro/@bolsonaromessiasjair7113869723741310214.jpg
7114005491491114245,1º turno - Bolsonaro/@bolsonaromessiasjair7114005491491114245.jpg
7114241554511940869,1º turno - Bolsonaro/@bolsonaromessiasjair7114241554511940869.jpg
7114328576131910917,1º turno - Bolsonaro/@bolsonaromessiasjair7114328576131910917.jpg
7114366447660403973,1º turno - Bolsonaro/@bolsonaromessiasjair7114366447660403973.jpg
7114448580168977670,1º turno - Bolsonaro/@bolsonaromessiasjair7114448580168977670.jpg
7114621812008307974,1º turno - Bolsonaro/@bolsonaromessiasjair7114621812008307974.jpg
7114771950823542021,1º turno - Bolsonaro/@bolsonaromessiasjair7114771950823542021.jpg
7114971700365692165,1º turno - Bolsonaro/@bolsonaromessiasjair7114971700365692165.jpg
7115050482179050758,1º turno - Bolsonaro/@bolsonaromessiasjair7115050482179050758.jpg
7115120078982630661,1º turno - Bolsonaro/@bolsonaromessiasjair7115120078982630661.jpg
7115161088219565317,1º turno - Bolsonaro/@bolsonaromessiasjair7115161088219565317.jpg
7115207919750253830,1º turno - Bolsonaro/@bolsonaromessiasjair7115207919750253830.jpg
7115399262267051270,1º turno - Bolsonaro/@bolsonaromessiasjair7115399262267051270.jpg
7115477908256214278,1º turno - Bolsonaro/@bolsonaromessiasjair7115477908256214278.jpg
7115738690105756933,1º turno - Bolsonaro/@bolsonaromessiasjair7115738690105756933.jpg
7115805808331377926,1º turno - Bolsonaro/@bolsonaromessiasjair7115805808331377926.jpg
7115908390257233157,1º turno - Bolsonaro/@bolsonaromessiasjair7115908390257233157.jpg
7116161583075560710,1º turno - Bolsonaro/@bolsonaromessiasjair7116161583075560710.jpg
7116479466896919814,1º turno - Bolsonaro/@bolsonaromessiasjair7116479466896919814.jpg
7116603296168643845,1º turno - Bolsonaro/@bolsonaromessiasjair7116603296168643845.jpg
7116848776790166790,1º turno - Bolsonaro/@bolsonaromessiasjair7116848776790166790.jpg
7117197139758959877,1º turno - Bolsonaro/@bolsonaromessiasjair7117197139758959877.jpg
7117269425203514630,1º turno - Bolsonaro/@bolsonaromessiasjair7117269425203514630.jpg
7117590392270327046,1º turno - Bolsonaro/@bolsonaromessiasjair7117590392270327046.jpg
7117603422920117509,1º turno - Bolsonaro/@bolsonaromessiasjair7117603422920117509.jpg
7117660810549284102,1º turno - Bolsonaro/@bolsonaromessiasjair7117660810549284102.jpg
7117971542633499910,1º turno - Bolsonaro/@bolsonaromessiasjair7117971542633499910.jpg
7118068834459782405,1º turno - Bolsonaro/@bolsonaromessiasjair7118068834459782405.jpg
7118340242536434950,1º turno - Bolsonaro/@bolsonaromessiasjair7118340242536434950.jpg
7118429763823242501,1º turno - Bolsonaro/@bolsonaromessiasjair7118429763823242501.jpg
7118536238520438021,1º turno - Bolsonaro/@bolsonaromessiasjair7118536238520438021.jpg
7118548034631257350,1º turno - Bolsonaro/@bolsonaromessiasjair7118548034631257350.jpg
7118714403372928262,1º turno - Bolsonaro/@bolsonaromessiasjair7118714403372928262.jpg
7118779005758639366,1º turno - Bolsonaro/@bolsonaromessiasjair7118779005758639366.jpg
7119045148578778374,1º turno - Bolsonaro/@bolsonaromessiasjair7119045148578778374.jpg
7119115867824147717,1º turno - Bolsonaro/@bolsonaromessiasjair7119115867824147717.jpg
7119143272429161733,1º turno - Bolsonaro/@bolsonaromessiasjair7119143272429161733.jpg
7119433000881949958,1º turno - Bolsonaro/@bolsonaromessiasjair7119433000881949958.jpg
7119639753816820998,1º turno - Bolsonaro/@bolsonaromessiasjair7119639753816820998.jpg
7119808655352024326,1º turno - Bolsonaro/@bolsonaromessiasjair7119808655352024326.jpg
7119890914910194950,1º turno - Bolsonaro/@bolsonaromessiasjair7119890914910194950.jpg
7119957986759658758,1º turno - Bolsonaro/@bolsonaromessiasjair7119957986759658758.jpg
7120031316359384326,1º turno - Bolsonaro/@bolsonaromessiasjair7120031316359384326.jpg
7120178088524188934,1º turno - Bolsonaro/@bolsonaromessiasjair7120178088524188934.jpg
7120262614063516934,1º turno - Bolsonaro/@bolsonaromessiasjair7120262614063516934.jpg
7120312213142801669,1º turno - Bolsonaro/@bolsonaromessiasjair7120312213142801669.jpg
7120415083867491589,1º turno - Bolsonaro/@bolsonaromessiasjair7120415083867491589.jpg
7120581357117394181,1º turno - Bolsonaro/@bolsonaromessiasjair7120581357117394181.jpg
7120608894753230086,1º turno - Bolsonaro/@bolsonaromessiasjair7120608894753230086.jpg
7120694066995531014,1º turno - Bolsonaro/@bolsonaromessiasjair7120694066995531014.jpg
7120746294724906246,1º turno - Bolsonaro/@bolsonaromessiasjair7120746294724906246.jpg
7120925234470849798,1º turno - Bolsonaro/@bolsonaromessiasjair7120925234470849798.jpg
7120965804618796294,1º turno - Bolsonaro/@bolsonaromessiasjair7120965804618796294.jpg
7121056105089780997,1º turno - Bolsonaro/@bolsonaromessiasjair7121056105089780997.jpg
7121132876665556229,1º turno - Bolsonaro/@bolsonaromessiasjair7121132876665556229.jpg
7121294140163378437,1º turno - Bolsonaro/@bolsonaromessiasjair7121294140163378437.jpg
7121355653561502982,1º turno - Bolsonaro/@bolsonaromessiasjair7121355653561502982.jpg
7121471037409201413,1º turno - Bolsonaro/@bolsonaromessiasjair7121471037409201413.jpg
7121672419798027525,1º turno - Bolsonaro/@bolsonaromessiasjair7121672419798027525.jpg
7121839869701410054,1º turno - Bolsonaro/@bolsonaromessiasjair7121839869701410054.jpg
7122040247311191302,1º turno - Bolsonaro/@bolsonaromessiasjair7122040247311191302.jpg
7122152605270265093,1º turno - Bolsonaro/@bolsonaromessiasjair7122152605270265093.jpg
7122226385124429061,1º turno - Bolsonaro/@bolsonaromessiasjair7122226385124429061.jpg
7122425160489094406,1º turno - Bolsonaro/@bolsonaromessiasjair7122425160489094406.jpg
7122549024854412550,1º turno - Bolsonaro/@bolsonaromessiasjair7122549024854412550.jpg
7122637008043871494,1º turno - Bolsonaro/@bolsonaromessiasjair7122637008043871494.jpg
7122850614760967429,1º turno - Bolsonaro/@bolsonaromessiasjair7122850614760967429.jpg
7122877808203926789,1º turno - Bolsonaro/@bolsonaromessiasjair7122877808203926789.jpg
7123006953135131909,1º turno - Bolsonaro/@bolsonaromessiasjair7123006953135131909.jpg
7123197776908832006,1º turno - Bolsonaro/@bolsonaromessiasjair7123197776908832006.jpg
7123326615911681285,1º turno - Bolsonaro/@bolsonaromessiasjair7123326615911681285.jpg
7123561385224621318,1º turno - Bolsonaro/@bolsonaromessiasjair7123561385224621318.jpg
7123596534012202246,1º turno - Bolsonaro/@bolsonaromessiasjair7123596534012202246.jpg
7123715891203755270,1º turno - Bolsonaro/@bolsonaromessiasjair7123715891203755270.jpg
7123910264365387013,1º turno - Bolsonaro/@bolsonaromessiasjair7123910264365387013.jpg
7123970382071123206,1º turno - Bolsonaro/@bolsonaromessiasjair7123970382071123206.jpg
7124311468761402629,1º turno - Bolsonaro/@bolsonaromessiasjair7124311468761402629.jpg
7124422079616797958,1º turno - Bolsonaro/@bolsonaromessiasjair7124422079616797958.jpg
7124655981987974406,1º turno - Bolsonaro/@bolsonaromessiasjair7124655981987974406.jpg
7124813427159158021,1º turno - Bolsonaro/@bolsonaromessiasjair7124813427159158021.jpg
7125010684928150789,1º turno - Bolsonaro/@bolsonaromessiasjair7125010684928150789.jpg
7125145950728752389,1º turno - Bolsonaro/@bolsonaromessiasjair7125145950728752389.jpg
7125437876808027397,1º turno - Bolsonaro/@bolsonaromessiasjair7125437876808027397.jpg
7125542547786632453,1º turno - Bolsonaro/@bolsonaromessiasjair7125542547786632453.jpg
7125579162038832389,1º turno - Bolsonaro/@bolsonaromessiasjair7125579162038832389.jpg
7125781441711049990,1º turno - Bolsonaro/@bolsonaromessiasjair7125781441711049990.jpg
7125907541665565958,1º turno - Bolsonaro/@bolsonaromessiasjair7125907541665565958.jpg
7126141856190090502,1º turno - Bolsonaro/@bolsonaromessiasjair7126141856190090502.jpg
7126288473073487110,1º turno - Bolsonaro/@bolsonaromessiasjair7126288473073487110.jpg
7126507412969753862,1º turno - Bolsonaro/@bolsonaromessiasjair7126507412969753862.jpg
7126643401210039558,1º turno - Bolsonaro/@bolsonaromessiasjair7126643401210039558.jpg
7126890909781806342,1º turno - Bolsonaro/@bolsonaromessiasjair7126890909781806342.jpg
7127056462550961414,1º turno - Bolsonaro/@bolsonaromessiasjair7127056462550961414.jpg
7127288208978627846,1º turno - Bolsonaro/@bolsonaromessiasjair7127288208978627846.jpg
7127590125525060869,1º turno - Bolsonaro/@bolsonaromessiasjair7127590125525060869.jpg
7127753826043448581,1º turno - Bolsonaro/@bolsonaromessiasjair7127753826043448581.jpg
7127992687994653958,1º turno - Bolsonaro/@bolsonaromessiasjair7127992687994653958.jpg
7128124773128752389,1º turno - Bolsonaro/@bolsonaromessiasjair7128124773128752389.jpg
7128173922306084102,1º turno - Bolsonaro/@bolsonaromessiasjair7128173922306084102.jpg
7128394440716209414,1º turno - Bolsonaro/@bolsonaromessiasjair7128394440716209414.jpg
7128490493419343109,1º turno - Bolsonaro/@bolsonaromessiasjair7128490493419343109.jpg
7128738573448269062,1º turno - Bolsonaro/@bolsonaromessiasjair7128738573448269062.jpg
7128812180333399301,1º turno - Bolsonaro/@bolsonaromessiasjair7128812180333399301.jpg
7129126634917088517,1º turno - Bolsonaro/@bolsonaromessiasjair7129126634917088517.jpg
7129273713110813958,1º turno - Bolsonaro/@bolsonaromessiasjair7129273713110813958.jpg
7129497893722983686,1º turno - Bolsonaro/@bolsonaromessiasjair7129497893722983686.jpg
7129869360520318214,1º turno - Bolsonaro/@bolsonaromessiasjair7129869360520318214.jpg
7130026941838560518,1º turno - Bolsonaro/@bolsonaromessiasjair7130026941838560518.jpg
7130253492685491461,1º turno - Bolsonaro/@bolsonaromessiasjair7130253492685491461.jpg
7130376005528685830,1º turno - Bolsonaro/@bolsonaromessiasjair7130376005528685830.jpg
7130716020704021765,1º turno - Bolsonaro/@bolsonaromessiasjair7130716020704021765.jpg
7130805243079675141,1º turno - Bolsonaro/@bolsonaromessiasjair7130805243079675141.jpg
7130977879478816005,1º turno - Bolsonaro/@bolsonaromessiasjair7130977879478816005.jpg
7131086087845465349,1º turno - Bolsonaro/@bolsonaromessiasjair7131086087845465349.jpg
7131330617203100934,1º turno - Bolsonaro/@bolsonaromessiasjair7131330617203100934.jpg
7131433205214792966,1º turno - Bolsonaro/@bolsonaromessiasjair7131433205214792966.jpg
7131704024373464326,1º turno - Bolsonaro/@bolsonaromessiasjair7131704024373464326.jpg
7131839191364799750,1º turno - Bolsonaro/@bolsonaromessiasjair7131839191364799750.jpg
7131879665454681349,1º turno - Bolsonaro/@bolsonaromessiasjair7131879665454681349.jpg
7132102394170674437,1º turno - Bolsonaro/@bolsonaromessiasjair7132102394170674437.jpg
7132216683162307845,1º turno - Bolsonaro/@bolsonaromessiasjair7132216683162307845.jpg
7132473192811203845,1º turno - Bolsonaro/@bolsonaromessiasjair7132473192811203845.jpg
7132631064148757765,1º turno - Bolsonaro/@bolsonaromessiasjair7132631064148757765.jpg
7132847399856393478,1º turno - Bolsonaro/@bolsonaromessiasjair7132847399856393478.jpg
7133186727350488326,1º turno - Bolsonaro/@bolsonaromessiasjair7133186727350488326.jpg
7133372760616750342,1º turno - Bolsonaro/@bolsonaromessiasjair7133372760616750342.jpg
7133586235938934022,1º turno - Bolsonaro/@bolsonaromessiasjair7133586235938934022.jpg
7133912686697434373,1º turno - Bolsonaro/@bolsonaromessiasjair7133912686697434373.jpg
7134093185256590598,1º turno - Bolsonaro/@bolsonaromessiasjair7134093185256590598.jpg
7134369947496500485,1º turno - Bolsonaro/@bolsonaromessiasjair7134369947496500485.jpg
7134687808417058054,1º turno - Bolsonaro/@bolsonaromessiasjair7134687808417058054.jpg
7134868163753168133,1º turno - Bolsonaro/@bolsonaromessiasjair7134868163753168133.jpg
7134893199759265030,1º turno - Bolsonaro/@bolsonaromessiasjair7134893199759265030.jpg
7135065198079069446,1º turno - Bolsonaro/@bolsonaromessiasjair7135065198079069446.jpg
7135232198684298502,1º turno - Bolsonaro/@bolsonaromessiasjair7135232198684298502.jpg
7135449783581347077,1º turno - Bolsonaro/@bolsonaromessiasjair7135449783581347077.jpg
7135560153067310341,1º turno - Bolsonaro/@bolsonaromessiasjair7135560153067310341.jpg
7135609362550148357,1º turno - Bolsonaro/@bolsonaromessiasjair7135609362550148357.jpg
7135818610714414342,1º turno - Bolsonaro/@bolsonaromessiasjair7135818610714414342.jpg
7135950309423074565,1º turno - Bolsonaro/@bolsonaromessiasjair7135950309423074565.jpg
7136167177450720517,1º turno - Bolsonaro/@bolsonaromessiasjair7136167177450720517.jpg
7136231781967203590,1º turno - Bolsonaro/@bolsonaromessiasjair7136231781967203590.jpg
7136295645966585093,1º turno - Bolsonaro/@bolsonaromessiasjair7136295645966585093.jpg
7136351531431054598,1º turno - Bolsonaro/@bolsonaromessiasjair7136351531431054598.jpg
7136393885001059590,1º turno - Bolsonaro/@bolsonaromessiasjair7136393885001059590.jpg
7136546720074288389,1º turno - Bolsonaro/@bolsonaromessiasjair7136546720074288389.jpg
7136707730529717509,1º turno - Bolsonaro/@bolsonaromessiasjair7136707730529717509.jpg
7136914418784374021,1º turno - Bolsonaro/@bolsonaromessiasjair7136914418784374021.jpg
7137125823789796614,1º turno - Bolsonaro/@bolsonaromessiasjair7137125823789796614.jpg
7137133787799948549,1º turno - Bolsonaro/@bolsonaromessiasjair7137133787799948549.jpg
7137140294260149509,1º turno - Bolsonaro/@bolsonaromessiasjair7137140294260149509.jpg
7137146595920841989,1º turno - Bolsonaro/@bolsonaromessiasjair7137146595920841989.jpg
7137387185472392453,1º turno - Bolsonaro/@bolsonaromessiasjair7137387185472392453.jpg
7137701251893988614,1º turno - Bolsonaro/@bolsonaromessiasjair7137701251893988614.jpg
7138037947739245830,1º turno - Bolsonaro/@bolsonaromessiasjair7138037947739245830.jpg
7138162343992675590,1º turno - Bolsonaro/@bolsonaromessiasjair7138162343992675590.jpg
7138453696609848581,1º turno - Bolsonaro/@bolsonaromessiasjair7138453696609848581.jpg
7138572663148055814,1º turno - Bolsonaro/@bolsonaromessiasjair7138572663148055814.jpg
7138821558675541254,1º turno - Bolsonaro/@bolsonaromessiasjair7138821558675541254.jpg
7139098273691733254,1º turno - Bolsonaro/@bolsonaromessiasjair7139098273691733254.jpg
7139246317414501637,1º turno - Bolsonaro/@bolsonaromessiasjair7139246317414501637.jpg
7139514285251644678,1º turno - Bolsonaro/@bolsonaromessiasjair7139514285251644678.jpg
7139632479283006725,1º turno - Bolsonaro/@bolsonaromessiasjair7139632479283006725.jpg
7139907179515104518,1º turno - Bolsonaro/@bolsonaromessiasjair7139907179515104518.jpg
7139924785974217990,1º turno - Bolsonaro/@bolsonaromessiasjair7139924785974217990.jpg
7140298643613011206,1º turno - Bolsonaro/@bolsonaromessiasjair7140298643613011206.jpg
7140417818482232582,1º turno - Bolsonaro/@bolsonaromessiasjair7140417818482232582.jpg
7140475103313284358,1º turno - Bolsonaro/@bolsonaromessiasjair7140475103313284358.jpg
7140658314311961861,1º turno - Bolsonaro/@bolsonaromessiasjair7140658314311961861.jpg
7140754722180418821,1º turno - Bolsonaro/@bolsonaromessiasjair7140754722180418821.jpg
7140818882641661189,1º turno - Bolsonaro/@bolsonaromessiasjair7140818882641661189.jpg
7141054704879930650,1º turno - Bolsonaro/@bolsonaromessiasjair7141054704879930650.jpg
7141157625621728539,1º turno - Bolsonaro/@bolsonaromessiasjair7141157625621728539.jpg
7141328718684900614,1º turno - Bolsonaro/@bolsonaromessiasjair7141328718684900614.jpg
7141455832692149510,1º turno - Bolsonaro/@bolsonaromessiasjair7141455832692149510.jpg
7141734333705997574,1º turno - Bolsonaro/@bolsonaromessiasjair7141734333705997574.jpg
7142087873389546757,1º turno - Bolsonaro/@bolsonaromessiasjair7142087873389546757.jpg
7142468971042721029,1º turno - Bolsonaro/@bolsonaromessiasjair7142468971042721029.jpg
7142617092863347974,1º turno - Bolsonaro/@bolsonaromessiasjair7142617092863347974.jpg
7142697600049794309,1º turno - Bolsonaro/@bolsonaromessiasjair7142697600049794309.jpg
7142842734926204166,1º turno - Bolsonaro/@bolsonaromessiasjair7142842734926204166.jpg
7142936906580413702,1º turno - Bolsonaro/@bolsonaromessiasjair7142936906580413702.jpg
7143238576904490245,1º turno - Bolsonaro/@bolsonaromessiasjair7143238576904490245.jpg
7143393316858514694,1º turno - Bolsonaro/@bolsonaromessiasjair7143393316858514694.jpg
7143600673618218246,1º turno - Bolsonaro/@bolsonaromessiasjair7143600673618218246.jpg
7143773749043645701,1º turno - Bolsonaro/@bolsonaromessiasjair7143773749043645701.jpg
7143985301768260870,1º turno - Bolsonaro/@bolsonaromessiasjair7143985301768260870.jpg
7144132461633490181,1º turno - Bolsonaro/@bolsonaromessiasjair7144132461633490181.jpg
7144369305210113285,1º turno - Bolsonaro/@bolsonaromessiasjair7144369305210113285.jpg
7144518704032697605,1º turno - Bolsonaro/@bolsonaromessiasjair7144518704032697605.jpg
7144775317385678085,1º turno - Bolsonaro/@bolsonaromessiasjair7144775317385678085.jpg
7145084190671899909,1º turno - Bolsonaro/@bolsonaromessiasjair7145084190671899909.jpg
7145403203637529862,1º turno - Bolsonaro/@bolsonaromessiasjair7145403203637529862.jpg
7145481950466182406,1º turno - Bolsonaro/@bolsonaromessiasjair7145481950466182406.jpg
7145533136821030150,1º turno - Bolsonaro/@bolsonaromessiasjair7145533136821030150.jpg
7145806251039984901,1º turno - Bolsonaro/@bolsonaromessiasjair7145806251039984901.jpg
7146157816527588614,1º turno - Bolsonaro/@bolsonaromessiasjair7146157816527588614.jpg
7146249449340226821,1º turno - Bolsonaro/@bolsonaromessiasjair7146249449340226821.jpg
7146557443433041157,1º turno - Bolsonaro/@bolsonaromessiasjair7146557443433041157.jpg
7146655199015292165,1º turno - Bolsonaro/@bolsonaromessiasjair7146655199015292165.jpg
7146748492344478981,1º turno - Bolsonaro/@bolsonaromessiasjair7146748492344478981.jpg
7146908934715084037,1º turno - Bolsonaro/@bolsonaromessiasjair7146908934715084037.jpg
7146966494818159878,1º turno - Bolsonaro/@bolsonaromessiasjair7146966494818159878.jpg
7147312977522232581,1º turno - Bolsonaro/@bolsonaromessiasjair7147312977522232581.jpg
7147701638466227483,1º turno - Bolsonaro/@bolsonaromessiasjair7147701638466227483.jpg
7147851475446811910,1º turno - Bolsonaro/@bolsonaromessiasjair7147851475446811910.jpg
7148003823674543365,1º turno - Bolsonaro/@bolsonaromessiasjair7148003823674543365.jpg
7148127975483968774,1º turno - Bolsonaro/@bolsonaromessiasjair7148127975483968774.jpg
7148384658416307461,1º turno - Bolsonaro/@bolsonaromessiasjair7148384658416307461.jpg
7148435207635406085,1º turno - Bolsonaro/@bolsonaromessiasjair7148435207635406085.jpg
7148610297132076293,1º turno - Bolsonaro/@bolsonaromessiasjair7148610297132076293.jpg
7148828803962260741,1º turno - Bolsonaro/@bolsonaromessiasjair7148828803962260741.jpg
7148896985003789573,1º turno - Bolsonaro/@bolsonaromessiasjair7148896985003789573.jpg
7149171658169847045,1º turno - Bolsonaro/@bolsonaromessiasjair7149171658169847045.jpg
7149207917894405382,1º turno - Bolsonaro/@bolsonaromessiasjair7149207917894405382.jpg
7149492093063335174,1º turno - Bolsonaro/@bolsonaromessiasjair7149492093063335174.jpg
7149517499111968006,1º turno - Bolsonaro/@bolsonaromessiasjair7149517499111968006.jpg
7149556336248835333,1º turno - Bolsonaro/@bolsonaromessiasjair7149556336248835333.jpg
7149604068875357445,1º turno - Bolsonaro/@bolsonaromessiasjair7149604068875357445.jpg
7149641900260166917,1º turno - Bolsonaro/@bolsonaromessiasjair7149641900260166917.jpg
7149642241395494149,1º turno - Bolsonaro/@bolsonaromessiasjair7149642241395494149.jpg
7149648521845591302,1º turno - Bolsonaro/@bolsonaromessiasjair7149648521845591302.jpg
7149652777482964230,1º turno - Bolsonaro/@bolsonaromessiasjair7149652777482964230.jpg
7149659243052944646,1º turno - Bolsonaro/@bolsonaromessiasjair7149659243052944646.jpg
7150280209315417349,1º turno - Bolsonaro/@bolsonaromessiasjair7150280209315417349.jpg
7150687987012013317,1º turno - Bolsonaro/@bolsonaromessiasjair7150687987012013317.jpg
7151055678486990085,1º turno - Bolsonaro/@bolsonaromessiasjair7151055678486990085.jpg
7151517516244864262,1º turno - Bolsonaro/@bolsonaromessiasjair7151517516244864262.jpg
7151583849414266117,1º turno - Bolsonaro/@bolsonaromessiasjair7151583849414266117.jpg
7151733451157261573,1º turno - Bolsonaro/@bolsonaromessiasjair7151733451157261573.jpg
7151888457101675782,1º turno - Bolsonaro/@bolsonaromessiasjair7151888457101675782.jpg
7151895134433512709,1º turno - Bolsonaro/@bolsonaromessiasjair7151895134433512709.jpg
7152116839567363334,1º turno - Bolsonaro/@bolsonaromessiasjair7152116839567363334.jpg
7152178193699572997,1º turno - Bolsonaro/@bolsonaromessiasjair7152178193699572997.jpg
7152483582596926725,1º turno - Bolsonaro/@bolsonaromessiasjair7152483582596926725.jpg
7152844420998548742,1º turno - Bolsonaro/@bolsonaromessiasjair7152844420998548742.jpg
7153201264568913158,1º turno - Bolsonaro/@bolsonaromessiasjair7153201264568913158.jpg
7153302688556420358,1º turno - Bolsonaro/@bolsonaromessiasjair7153302688556420358.jpg
7153374801409707270,1º turno - Bolsonaro/@bolsonaromessiasjair7153374801409707270.jpg
7153610126375521541,1º turno - Bolsonaro/@bolsonaromessiasjair7153610126375521541.jpg
7153666557539798277,1º turno - Bolsonaro/@bolsonaromessiasjair7153666557539798277.jpg
7154040855152610565,1º turno - Bolsonaro/@bolsonaromessiasjair7154040855152610565.jpg
7154301373570436358,1º turno - Bolsonaro/@bolsonaromessiasjair7154301373570436358.jpg
7154437709392661765,1º turno - Bolsonaro/@bolsonaromessiasjair7154437709392661765.jpg
7154526379860692229,1º turno - Bolsonaro/@bolsonaromessiasjair7154526379860692229.jpg
7154705772268489989,1º turno - Bolsonaro/@bolsonaromessiasjair7154705772268489989.jpg
7154840992284232966,1º turno - Bolsonaro/@bolsonaromessiasjair7154840992284232966.jpg
7155198217771060486,1º turno - Bolsonaro/@bolsonaromessiasjair7155198217771060486.jpg
7155214901395377414,1º turno - Bolsonaro/@bolsonaromessiasjair7155214901395377414.jpg
7155282520869735686,1º turno - Bolsonaro/@bolsonaromessiasjair7155282520869735686.jpg
7155454754271825158,1º turno - Bolsonaro/@bolsonaromessiasjair7155454754271825158.jpg
7155795146729164037,1º turno - Bolsonaro/@bolsonaromessiasjair7155795146729164037.jpg
7155885964139695365,1º turno - Bolsonaro/@bolsonaromessiasjair7155885964139695365.jpg
7156357305955650821,1º turno - Bolsonaro/@bolsonaromessiasjair7156357305955650821.jpg
7156652813647449350,1º turno - Bolsonaro/@bolsonaromessiasjair7156652813647449350.jpg
7156698258792860933,1º turno - Bolsonaro/@bolsonaromessiasjair7156698258792860933.jpg
7156768353820921093,1º turno - Bolsonaro/@bolsonaromessiasjair7156768353820921093.jpg
7156930375321718022,1º turno - Bolsonaro/@bolsonaromessiasjair7156930375321718022.jpg
7157016793855364358,1º turno - Bolsonaro/@bolsonaromessiasjair7157016793855364358.jpg
7157154489835851014,1º turno - Bolsonaro/@bolsonaromessiasjair7157154489835851014.jpg
7157335164136230149,1º turno - Bolsonaro/@bolsonaromessiasjair7157335164136230149.jpg
7157407242067660038,1º turno - Bolsonaro/@bolsonaromessiasjair7157407242067660038.jpg
7157441811538038022,1º turno - Bolsonaro/@bolsonaromessiasjair7157441811538038022.jpg
7157697379070676230,1º turno - Bolsonaro/@bolsonaromessiasjair7157697379070676230.jpg
7157773223302679814,1º turno - Bolsonaro/@bolsonaromessiasjair7157773223302679814.jpg
7157899882932571398,1º turno - Bolsonaro/@bolsonaromessiasjair7157899882932571398.jpg
7158062596438969605,1º turno - Bolsonaro/@bolsonaromessiasjair7158062596438969605.jpg
7158480559654636805,1º turno - Bolsonaro/@bolsonaromessiasjair7158480559654636805.jpg
7158547810244332806,1º turno - Bolsonaro/@bolsonaromessiasjair7158547810244332806.jpg
7158599839259856134,1º turno - Bolsonaro/@bolsonaromessiasjair7158599839259856134.jpg
7158760403244256517,1º turno - Bolsonaro/@bolsonaromessiasjair7158760403244256517.jpg
7159137058555022598,1º turno - Bolsonaro/@bolsonaromessiasjair7159137058555022598.jpg
7159293944143138053,1º turno - Bolsonaro/@bolsonaromessiasjair7159293944143138053.jpg
7159536039252577542,1º turno - Bolsonaro/@bolsonaromessiasjair7159536039252577542.jpg
7159681566732520710,1º turno - Bolsonaro/@bolsonaromessiasjair7159681566732520710.jpg
7159695635761876230,1º turno - Bolsonaro/@bolsonaromessiasjair7159695635761876230.jpg
7159766081593150726,1º turno - Bolsonaro/@bolsonaromessiasjair7159766081593150726.jpg
7159773640030997766,1º turno - Bolsonaro/@bolsonaromessiasjair7159773640030997766.jpg
7159891102143630597,1º turno - Bolsonaro/@bolsonaromessiasjair7159891102143630597.jpg
7159943895445441797,1º turno - Bolsonaro/@bolsonaromessiasjair7159943895445441797.jpg
7160017587160485125,1º turno - Bolsonaro/@bolsonaromessiasjair7160017587160485125.jpg
